<?xml version="1.0" encoding="UTF-8" ?>
<!DOCTYPE mapper
        PUBLIC "-//mybatis.org//DTD Mapper 3.0//EN"
"https://mybatis.org/dtd/mybatis-3-mapper.dtd">
<mapper namespace="com.example.provider.dao.UserDao">
    <resultMap id="user" type="com.example.provider.model.User">
        <id property="id" column="user_id" />
        <result property="username" column="username"/>
        <result property="password" column="password"/>
        <result property="enabled" column="enabled"/>
        <result property="locked" column="locked"/>
    </resultMap>
    <select id="findById" resultMap="user">
        select * from user where user_id = #{id}
    </select>
</mapper>