<?xml version="1.0" encoding="UTF-8" ?>
<!DOCTYPE mapper
        PUBLIC "-//mybatis.org//DTD Mapper 3.0//EN"
        "https://mybatis.org/dtd/mybatis-3-mapper.dtd">
<mapper namespace="com.example.springsecuritydemo.dao.PermissionDao">
    <resultMap id="permissionResultMap" type="com.example.springsecuritydemo.model.Permission">
        <id property="id" column="id" />
        <result property="name" column="name"/>
        <result property="description" column="description"/>
        <result property="url" column="url"/>
        <result property="pid" column="pid"/>
    </resultMap>
    <select id="findByUserId" resultMap="permissionResultMap">
        SELECT p.* FROM
        sys_user u
        LEFT JOIN sys_role_user ru ON u.id = ru.user_id
        LEFT JOIN sys_role r ON ru.role_id = r.id
        LEFT JOIN sys_permission_role pr ON r.id = pr.role_id
        LEFT JOIN sys_permission p ON pr.permission_id = p.id
        WHERE u.id = #{id}
    </select>
    <select id="findAll" resultMap="permissionResultMap">
        select * from sys_permission
    </select>
<!--    <insert id="createPermission">-->
<!--        insert into user values()-->
<!--    </insert>-->
<!--    <update id="updatePermission">-->
<!--        update user set where id = #{id}-->
<!--    </update>-->
<!--    <delete id="deleteById">-->
<!--        delete * from user where id = #{id}-->
<!--    </delete>-->
</mapper>