<?xml version="1.0" encoding="UTF-8" ?>
<!DOCTYPE mapper
        PUBLIC "-//mybatis.org//DTD Mapper 3.0//EN"
        "https://mybatis.org/dtd/mybatis-3-mapper.dtd">
<mapper namespace="com.example.springsecuritydemo.dao.UserDao">
    <resultMap id="userResultMap" type="com.example.springsecuritydemo.model.User">
        <id property="id" column="id" />
        <result property="username" column="username"/>
        <result property="password" column="password"/>
    </resultMap>
    <select id="findById" resultMap="userResultMap">
        select * from sys_user where id = #{id}
    </select>
    <select id="findByUsername" resultMap="userResultMap">
        select * from sys_user where username = #{username}
    </select>
    <select id="findAll" resultMap="userResultMap">
        select * from sys_user
    </select>
<!--    <insert id="createUser">-->
<!--        insert into sys_user values()-->
<!--    </insert>-->
<!--    <update id="updateUser">-->
<!--        update sys_user set where id = #{id}-->
<!--    </update>-->
<!--    <delete id="deleteUserById">-->
<!--        delete * from sys_user where id = #{id}-->
<!--    </delete>-->
</mapper>